,chain_id,index_chain,paired,pair_type_LW
0,1,1,71,cWW
1,1,2,70,cWW
2,1,3,69,cWW
3,1,4,68,cWW
4,1,5,67,cWW
5,1,6,66,cWW
6,1,7,"64,65","cWW,cWW"
7,1,8,,
8,1,9,"12,13","cHH,tHW"
9,1,10,24,cWW
10,1,11,23,cWW
11,1,12,"9,22","cHH,cWW"
12,1,13,9,tWH
13,1,14,,
14,1,15,,
15,1,16,"47,58","tWW,tSS"
16,1,17,54,tWS
17,1,18,55,cWW
18,1,19,,
19,1,20,,
20,1,21,,
21,1,22,12,cWW
22,1,23,11,cWW
23,1,24,10,cWW
24,1,25,,
25,1,26,42,cWW
26,1,27,41,cWW
27,1,28,40,cWW
28,1,29,39,cWW
29,1,30,38,cWW
30,1,31,,
31,1,32,,
32,1,33,,
33,1,34,,
34,1,35,,
35,1,36,,
36,1,37,,
37,1,38,30,cWW
38,1,39,29,cWW
39,1,40,28,cWW
40,1,41,27,cWW
41,1,42,26,cWW
42,1,43,,
43,1,44,,
44,1,45,,
45,1,46,,
46,1,47,16,tWW
47,1,48,64,cWW
48,1,49,63,cWW
49,1,50,62,cWW
50,1,51,61,cWW
51,1,52,60,cWW
52,1,53,57,tWH
53,1,54,17,tSW
54,1,55,18,cWW
55,1,56,,
56,1,57,53,tHW
57,1,58,16,tSS
58,1,59,,
59,1,60,52,cWW
60,1,61,51,cWW
61,1,62,50,cWW
62,1,63,49,cWW
63,1,64,"7,48","cWW,cWW"
64,1,65,7,cWW
65,1,66,6,cWW
66,1,67,5,cWW
67,1,68,4,cWW
68,1,69,3,cWW
69,1,70,2,cWW
70,1,71,1,cWW
